Player Name,Age,Position,Injury Type,From Date,Cumulative Minutes Played,Matches Played Before Injury,Total Days Missed,Previous Injuries,Days Missed
Agustín Rossi,29,Goalkeepers,Lesão no ombro,2024-12-02,5400.0,60.0,26,2,5
Agustín Rossi,29,Goalkeepers,Muskelbündelriss,2022-04-13,945.0,11.0,26,2,19
Agustín Rossi,29,Goalkeepers,Quarentena,2021-07-22,,,26,2,7
Cleiton,27,Goalkeepers,Lesão na coxa,2024-08-04,3600.0,41.0,20,1,20
Sergio Rochet,31,Goalkeepers,Traumatismo grade costal,2024-01-16,,,152,4,65
Sergio Rochet,31,Goalkeepers,Coronavírus,2022-05-16,1305.0,15.0,152,4,4
Sergio Rochet,31,Goalkeepers,Infeção no tornozelo,2022-04-08,675.0,8.0,152,4,4
Sergio Rochet,31,Goalkeepers,Lesão na mão,2021-10-23,,,152,4,79
John Victor,28,Goalkeepers,Lesão na coxa,2024-02-06,119.0,2.0,199,4,56
John Victor,28,Goalkeepers,Problemas musculares,2023-10-30,2250.0,25.0,199,4,16
John Victor,28,Goalkeepers,Lesão meniscal,2021-08-03,,,199,4,120
John Victor,28,Goalkeepers,Coronavírus,2021-01-10,,,199,4,7
Everson,34,Goalkeepers,Fratura de um dedo,2024-06-24,2610.0,29.0,43,1,43
Brenno,25,Goalkeepers,Corte na cabeça,2022-10-09,3060.0,34.0,8,1,8
Lucão,23,Goalkeepers,Lesão na coxa,2024-08-11,810.0,10.0,68,1,68
Ivan,27,Goalkeepers,Lesão do ligamento cruzado,2024-01-21,,,559,2,315
Ivan,27,Goalkeepers,Lesão do ligamento cruzado,2024-01-21,,,559,2,244
Keiller,28,Goalkeepers,Artroscopia,2024-06-01,,,27,2,18
Keiller,28,Goalkeepers,Lesão no joelho,2024-05-02,,,27,2,9
Ronaldo,28,Goalkeepers,Problemas musculares,2024-07-25,3465.0,39.0,25,2,23
Ronaldo,28,Goalkeepers,Lesão no ombro,2022-08-01,2520.0,28.0,25,2,2
Gabriel,32,Goalkeepers,Problemas musculares na coxa,2024-07-15,2070.0,23.0,33,2,5
Gabriel,32,Goalkeepers,Lesão desconhecida,2022-03-08,1031.0,12.0,33,2,28
Santos,34,Goalkeepers,Problemas musculares na coxa,2024-08-22,323.0,4.0,107,1,107
Lucas Arcanjo,26,Goalkeepers,Lesão no joelho,2024-02-02,450.0,5.0,43,1,43
Léo Linck,23,Goalkeepers,Traumatismo craniano,2024-08-30,2305.0,26.0,11,1,11
Agustín Marchesín,36,Goalkeepers,Lesão na coxa,2024-02-29,630.0,7.0,266,3,32
Agustín Marchesín,36,Goalkeepers,Rotura do tendão de Aquiles,2023-02-03,472.0,5.0,266,3,196
Agustín Marchesín,36,Goalkeepers,Lesão no joelho,2021-08-19,,,266,3,38
Mateus Claus,30,Goalkeepers,Lesão muscular,2021-02-13,,,35,1,35
Matheus Teixeira,25,Goalkeepers,Rotura muscular na coxa,2023-04-24,,,35,1,35
Gustavo,31,Goalkeepers,Lesão muscular,2024-04-06,1529.0,17.0,20,1,20
Jandrei,31,Goalkeepers,Lesão na mão,2023-05-10,,,80,3,51
Jandrei,31,Goalkeepers,Fratura,2022-07-28,3269.0,37.0,80,3,20
Jandrei,31,Goalkeepers,Problemas nas costas,2022-07-17,3240.0,36.0,80,3,9
Rafael Cabral,34,Goalkeepers,Lesão na mão,2021-09-12,540.0,6.0,12,1,12
Cássio,37,Goalkeepers,Problemas no Joelho,2023-11-12,5565.0,62.0,53,2,50
Cássio,37,Goalkeepers,Vírus intestinal,2023-02-10,630.0,7.0,53,2,3
João Ricardo,36,Goalkeepers,Lesão nos adutores,2023-03-18,540.0,6.0,61,1,61
Mateus Pasinato,32,Goalkeepers,Fratura do nariz,2021-05-05,,,57,1,57
Marcelo Lomba,37,Goalkeepers,Pubalgia,2024-08-25,540.0,6.0,40,1,40
Danilo Fernandes,36,Goalkeepers,Lesão no joelho,2022-09-02,3240.0,36.0,259,1,259
Walter,37,Goalkeepers,Lesão muscular,2022-09-06,3730.0,42.0,38,1,38
Fabrício,38,Goalkeepers,Lesão na tíbia,2024-08-15,2316.0,26.0,114,1,114
Joaquín Piquerez,26,Defenders,Lesão no joelho,2024-07-17,3030.0,38.0,219,7,143
Joaquín Piquerez,26,Defenders,Lesão muscular,2022-05-10,1686.0,22.0,219,7,25
Joaquín Piquerez,26,Defenders,Lesão no ombro,2022-04-04,1195.0,15.0,219,7,12
Joaquín Piquerez,26,Defenders,Lesão no tornozelo,2021-07-24,,,219,7,10
Joaquín Piquerez,26,Defenders,Rotura muscular,2021-05-31,,,219,7,10
Joaquín Piquerez,26,Defenders,Recuperação ritmo competitivo,2021-01-26,,,219,7,5
Joaquín Piquerez,26,Defenders,Coronavírus,2021-01-11,,,219,7,14
Guilherme Arana,27,Defenders,Entorse do tornozelo,2024-11-14,4402.0,53.0,271,3,11
Guilherme Arana,27,Defenders,Problemas musculares na coxa,2024-10-03,3958.0,47.0,271,3,15
Guilherme Arana,27,Defenders,Lesão do ligamento cruzado,2022-09-12,3739.0,43.0,271,3,245
Matías Viña,27,Defenders,Lesão no joelho,2024-08-12,1463.0,28.0,242,7,117
Matías Viña,27,Defenders,Problemas no Joelho,2023-12-11,1910.0,34.0,242,7,70
Matías Viña,27,Defenders,Lesão nos adutores,2021-11-03,913.0,11.0,242,7,23
Matías Viña,27,Defenders,Lesão no joelho,2021-09-15,442.0,5.0,242,7,10
Matías Viña,27,Defenders,Problemas musculares,2021-09-04,352.0,4.0,242,7,6
Matías Viña,27,Defenders,Contusão no tornozelo,2021-03-01,,,242,7,14
Matías Viña,27,Defenders,Gestão de esforço,2021-01-08,,,242,7,2
Vitor Reis,18,Defenders,Lesão muscular,2024-08-22,2126.0,25.0,23,1,23
Léo Pereira,28,Defenders,Problemas musculares na coxa,2024-12-02,4426.0,56.0,28,3,5
Léo Pereira,28,Defenders,Problemas no Joelho,2024-08-29,3140.0,40.0,28,3,13
Léo Pereira,28,Defenders,Lesão na coxa,2024-05-19,1854.0,22.0,28,3,10
Léo Pereira,28,Defenders,Traumatismo grade costal,2023-10-26,3326.0,45.0,28,3,5
Murilo,27,Defenders,lesão na perna,2024-11-21,3987.0,46.0,211,8,4
Murilo,27,Defenders,Lesão na coxa,2024-10-19,3833.0,44.0,211,8,15
Murilo,27,Defenders,Entorse do tornozelo,2024-07-22,2948.0,34.0,211,8,12
Murilo,27,Defenders,Lesão no tornozelo,2024-06-29,2768.0,32.0,211,8,17
Murilo,27,Defenders,Lesão no ombro,2023-05-05,1649.0,19.0,211,8,56
Murilo,27,Defenders,Lesão muscular,2021-11-29,517.0,8.0,211,8,32
Murilo,27,Defenders,Lesão muscular,2021-09-17,360.0,4.0,211,8,45
Murilo,27,Defenders,Traumatismo,2021-07-31,180.0,2.0,211,8,30
Léo Ortiz,28,Defenders,Lesão do ligamento cruzado,2022-10-03,3629.0,41.0,284,1,284
Vitão,24,Defenders,Lesão na coxa,2024-07-16,2601.0,30.0,67,4,18
Vitão,24,Defenders,Lesão na coxa,2023-08-28,3347.0,40.0,67,4,28
Vitão,24,Defenders,Entorse no joelho,2023-05-15,2042.0,23.0,67,4,9
Vitão,24,Defenders,Lesão desconhecida,2021-10-02,830.0,11.0,67,4,12
Agustín Giay,20,Defenders,Entorse do tornozelo,2023-01-25,167.0,2.0,28,1,28
Júnior Alonso,31,Defenders,Problemas no Joelho,2022-11-09,3691.0,45.0,54,1,54
Lucas Piton,24,Defenders,Problemas musculares,2024-07-29,2616.0,30.0,70,2,19
Lucas Piton,24,Defenders,Problemas musculares,2022-11-07,3489.0,52.0,70,2,51
Ayrton Lucas,27,Defenders,Lesão na coxa,2024-05-29,1724.0,23.0,34,2,22
Ayrton Lucas,27,Defenders,Traumatismo no metatarso,2022-03-19,360.0,4.0,34,2,12
Luan Cândido,23,Defenders,Entorse do tornozelo,2024-08-26,3966.0,47.0,172,2,53
Luan Cândido,23,Defenders,lesão na perna,2023-02-27,244.0,5.0,172,2,119
Gustavo Gómez,31,Defenders,Fratura no pé,2024-02-19,548.0,7.0,37,1,37
Fabrício Bruno,28,Defenders,Fratura do nariz,2024-03-02,540.0,6.0,111,2,3
Fabrício Bruno,28,Defenders,Fratura de um dedo do pé,2022-03-30,1102.0,12.0,111,2,108
Alex Telles,31,Defenders,Fratura da virilha,2024-06-01,1470.0,17.0,247,8,71
Alex Telles,31,Defenders,Operação na virilha,2024-06-01,1470.0,17.0,247,8,1
Alex Telles,31,Defenders,Fratura da virilha,2023-12-01,2209.0,34.0,247,8,17
Alex Telles,31,Defenders,Ruptura muscular,2023-12-01,2209.0,34.0,247,8,17
Alex Telles,31,Defenders,Lesão no joelho,2022-12-03,2663.0,40.0,247,8,72
Alex Telles,31,Defenders,Coronavírus,2022-02-03,270.0,3.0,247,8,7
Alex Telles,31,Defenders,Lesão no tornozelo,2021-07-20,,,247,8,58
Alex Telles,31,Defenders,Doente,2021-04-03,,,247,8,4
Wesley,21,Defenders,Lesão na coxa,2024-08-19,1870.0,29.0,30,3,5
Wesley,21,Defenders,Lesão na coxa,2024-07-21,1549.0,22.0,30,3,6
Wesley,21,Defenders,Lesão nos adutores,2024-03-28,341.0,6.0,30,3,19
Marlon,27,Defenders,Lesão no peito,2024-07-08,2255.0,27.0,77,4,13
Marlon,27,Defenders,Rotura do menisco lateral,2022-10-23,858.0,13.0,77,4,40
Marlon,27,Defenders,Lesão desconhecida,2022-09-30,846.0,12.0,77,4,14
Marlon,27,Defenders,Coronavírus,2021-02-17,,,77,4,10
Vitinho,25,Defenders,Lesão no joelho,2023-08-30,1080.0,19.0,26,1,26
João Victor,26,Defenders,Lesão no joelho,2024-07-01,1349.0,20.0,117,2,39
João Victor,26,Defenders,Lesão tornozelo,2022-07-08,2210.0,28.0,117,2,78
Félix Torres,27,Defenders,Lesão na coxa,2024-11-21,5309.0,64.0,34,2,16
Félix Torres,27,Defenders,Lesão muscular,2022-08-29,2317.0,29.0,34,2,18
Eros Mancuso,25,Defenders,Lesão nos adutores,2024-07-29,2584.0,29.0,46,4,25
Eros Mancuso,25,Defenders,Distensão muscular,2024-07-22,2539.0,28.0,46,4,4
Eros Mancuso,25,Defenders,Distensão muscular,2024-07-02,2359.0,26.0,46,4,7
Eros Mancuso,25,Defenders,Lesão muscular,2024-03-01,720.0,8.0,46,4,10
Iago,27,Defenders,Lesão muscular,2024-10-29,1518.0,29.0,371,13,39
Iago,27,Defenders,Traumatismo no pé,2024-04-01,930.0,11.0,371,13,35
Iago,27,Defenders,Problemas musculares na coxa,2023-12-06,1026.0,19.0,371,13,16
Iago,27,Defenders,Lesão muscular,2023-04-23,513.0,9.0,371,13,68
Iago,27,Defenders,Problemas no tendão de Aquiles,2023-01-01,,,371,13,45
Iago,27,Defenders,Problemas musculares na coxa,2022-09-19,1720.0,22.0,371,13,10
Iago,27,Defenders,Pequena lesão,2022-09-01,1555.0,20.0,371,13,7
Iago,27,Defenders,Problemas musculares,2022-01-17,135.0,2.0,371,13,17
Iago,27,Defenders,Lesão na mão,2021-10-28,689.0,9.0,371,13,18
Iago,27,Defenders,Lesão no ombro,2021-09-16,424.0,5.0,371,13,25
Iago,27,Defenders,Problemas no Joelho,2021-05-20,,,371,13,11
Iago,27,Defenders,Lesão tornozelo,2021-02-01,,,371,13,70
Iago,27,Defenders,Lesão no pescoço,2021-01-11,,,371,13,10
Matheuzinho,24,Defenders,Entorse do tornozelo,2024-05-08,656.0,13.0,126,2,19
Matheuzinho,24,Defenders,lesão na perna,2023-03-15,760.0,12.0,126,2,107
João Pedro,28,Defenders,Problemas musculares,2023-04-29,852.0,12.0,23,1,23
William,29,Defenders,Lesão no joelho,2021-11-11,,,627,3,439
William,29,Defenders,Recuperação ritmo competitivo,2021-11-01,,,627,3,9
William,29,Defenders,Rotura dos ligamentos cruzados,2021-05-05,,,627,3,179
Rubens,23,Defenders,Lesão na coxa,2024-10-11,914.0,24.0,137,3,7
Rubens,23,Defenders,Entorse no joelho,2024-04-17,181.0,8.0,137,3,104
Rubens,23,Defenders,Fratura da mão,2024-03-18,181.0,8.0,137,3,26
Leonardo Godoy,29,Defenders,Lesão muscular,2024-01-16,,,86,4,39
Leonardo Godoy,29,Defenders,Lesão no joelho,2023-08-25,2822.0,34.0,86,4,16
Leonardo Godoy,29,Defenders,Lesão muscular,2023-06-23,1989.0,24.0,86,4,15
Leonardo Godoy,29,Defenders,Lesão muscular,2023-02-12,264.0,3.0,86,4,16
Cuiabano,21,Defenders,Lesão na coxa,2024-09-04,1899.0,27.0,126,4,30
Cuiabano,21,Defenders,Lesão no ombro,2024-08-22,1893.0,26.0,126,4,8
Cuiabano,21,Defenders,Lesão muscular,2024-02-05,5.0,1.0,126,4,68
Cuiabano,21,Defenders,Lesão muscular,2024-01-13,,,126,4,20
Jamal Lewis,26,Defenders,Lesão no tornozelo,2024-11-10,1793.0,27.0,117,4,27
Jamal Lewis,26,Defenders,Operação na virilha,2022-03-01,,,117,4,61
Jamal Lewis,26,Defenders,Lesão na coxa,2021-12-17,409.0,7.0,117,4,28
Jamal Lewis,26,Defenders,Rotura muscular na coxa,2021-02-04,,,117,4,1
Pedro Henrique,29,Defenders,Lesão na coxa,2024-08-11,2044.0,24.0,122,3,34
Pedro Henrique,29,Defenders,Pubalgia,2024-07-29,1986.0,23.0,122,3,8
Pedro Henrique,29,Defenders,Lesão no tornozelo,2023-07-14,2200.0,26.0,122,3,80
Nahuel Ferraresi,26,Defenders,Rotura de ligamentos no joelho,2023-01-22,180.0,2.0,246,1,246
Caio Paulista,26,Defenders,Distensão muscular,2023-08-10,2585.0,36.0,18,1,18
Welington,23,Defenders,Lesão na coxa,2024-11-04,3888.0,48.0,223,6,33
Welington,23,Defenders,Lesão nos ligamentos do tornozelo,2024-04-30,1569.0,19.0,223,6,12
Welington,23,Defenders,Lesão no tornozelo,2023-03-13,754.0,9.0,223,6,108
Welington,23,Defenders,Ligamento Esticado,2023-02-12,619.0,7.0,223,6,20
Welington,23,Defenders,Lesão na anca,2021-08-08,,,223,6,33
Welington,23,Defenders,Coronavírus,2021-03-10,,,223,6,17
Gustavo Martins,22,Defenders,Problemas musculares na coxa,2024-10-05,1756.0,29.0,103,4,45
Gustavo Martins,22,Defenders,Problemas musculares,2024-07-11,1159.0,19.0,103,4,19
Gustavo Martins,22,Defenders,Lesão na virilha,2024-06-27,1024.0,17.0,103,4,9
Gustavo Martins,22,Defenders,Lesão na coxa,2024-05-01,577.0,11.0,103,4,30
Juninho Capixaba,27,Defenders,Lesão no joelho,2024-07-25,2756.0,37.0,85,1,85
Rodrigo Ely,31,Defenders,Lesão no pé,2024-11-27,3042.0,38.0,149,5,10
Rodrigo Ely,31,Defenders,Problemas musculares na coxa,2024-08-26,2547.0,32.0,149,5,43
Rodrigo Ely,31,Defenders,Lesão muscular,2024-07-07,1743.0,23.0,149,5,6
Rodrigo Ely,31,Defenders,Lesão na coxa,2023-09-25,2498.0,30.0,149,5,59
Rodrigo Ely,31,Defenders,Problemas musculares,2021-11-01,,,149,5,31
Gilberto,31,Defenders,Problemas musculares na coxa,2024-08-05,1975.0,27.0,49,5,26
Gilberto,31,Defenders,Gripe,2023-01-09,,,49,5,3
Gilberto,31,Defenders,Amigdalite,2022-02-01,146.0,2.0,49,5,8
Gilberto,31,Defenders,Lesão muscular,2021-02-12,,,49,5,4
Gilberto,31,Defenders,Coronavírus,2021-01-19,,,49,5,8
Diego Palacios,25,Defenders,Operado ao joelho,2024-06-19,180.0,4.0,630,6,171
Diego Palacios,25,Defenders,Lesão no joelho,2024-01-29,180.0,4.0,630,6,134
Diego Palacios,25,Defenders,Problemas no Joelho,2021-08-16,,,630,6,10
Mayke,32,Defenders,Lesão na panturrilha,2024-08-25,1872.0,35.0,109,4,55
Mayke,32,Defenders,Lesão na panturrilha,2024-08-08,1851.0,34.0,109,4,12
Mayke,32,Defenders,Problemas musculares,2024-07-22,1802.0,32.0,109,4,15
Mayke,32,Defenders,Lesão na coxa,2024-02-04,155.0,2.0,109,4,27
Lyanco,27,Defenders,Lesão desconhecida,2023-09-29,1620.0,23.0,216,4,124
Lyanco,27,Defenders,Lesão na coxa,2022-02-05,199.0,3.0,216,4,56
Lyanco,27,Defenders,Coronavírus,2021-12-18,511.0,10.0,216,4,16
Lyanco,27,Defenders,Lumbago,2021-03-29,,,216,4,20
Kaique Rocha,23,Defenders,Lesão na coxa,2024-11-10,5088.0,61.0,24,1,24
Lucas Esquivel,23,Defenders,Pubalgia,2024-02-13,180.0,2.0,31,1,31
Alan Franco,28,Defenders,lesão na perna,2023-07-05,1868.0,23.0,23,2,15
Alan Franco,28,Defenders,lesão na perna,2021-05-17,,,23,2,8
Felipe Jonatan,26,Defenders,Rotura de ligamentos no joelho,2023-04-22,678.0,9.0,356,2,254
Felipe Jonatan,26,Defenders,Lesão desconhecida,2022-11-06,2695.0,36.0,356,2,102
Léo,28,Defenders,Problemas musculares na coxa,2022-07-17,2883.0,33.0,21,2,8
Léo,28,Defenders,Coronavírus,2021-03-09,,,21,2,13
Renzo Saravia,31,Defenders,Lesão na coxa,2024-09-16,3085.0,43.0,48,3,18
Renzo Saravia,31,Defenders,Lesão muscular,2024-06-23,2056.0,26.0,48,3,17
Renzo Saravia,31,Defenders,Lesão na coxa,2023-05-03,766.0,10.0,48,3,13
Mauricio Lemos,28,Defenders,Lesão na coxa,2024-06-23,744.0,13.0,116,4,69
Mauricio Lemos,28,Defenders,Lesão nas costas,2024-05-05,679.0,11.0,116,4,11
Mauricio Lemos,28,Defenders,Lesão na panturrilha,2024-02-06,247.0,3.0,116,4,31
Mauricio Lemos,28,Defenders,Lesão muscular,2023-06-22,1536.0,20.0,116,4,5
João Moreira,20,Defenders,Lesão na coxa,2024-08-18,581.0,10.0,361,6,18
João Moreira,20,Defenders,Lesão na coxa,2024-04-04,280.0,5.0,361,6,25
João Moreira,20,Defenders,Lesão muscular,2024-02-14,280.0,5.0,361,6,17
João Moreira,20,Defenders,Lesão dos ligamentos laterais do joelho,2022-10-29,897.0,17.0,361,6,251
João Moreira,20,Defenders,Lesão meniscal,2022-09-03,706.0,14.0,361,6,38
João Moreira,20,Defenders,Entorse do tornozelo,2022-06-05,561.0,11.0,361,6,12
Ruan Tressoldi,25,Defenders,Lesão desconhecida,2023-10-02,2071.0,27.0,4,1,4
Igor Vinícius,27,Defenders,Problemas físicos,2024-07-31,2520.0,33.0,335,5,42
Igor Vinícius,27,Defenders,Lesão na coxa,2024-01-27,116.0,2.0,335,5,29
Igor Vinícius,27,Defenders,Pubalgia,2023-01-20,89.0,2.0,335,5,189
Igor Vinícius,27,Defenders,Pubalgia,2022-10-19,2930.0,48.0,335,5,43
Igor Vinícius,27,Defenders,Lesão ocular,2021-09-20,,,335,5,32
Santiago Arias,32,Defenders,lesão na perna,2023-10-13,2028.0,31.0,187,4,20
Santiago Arias,32,Defenders,Lesão na panturrilha,2023-04-17,347.0,6.0,187,4,26
Santiago Arias,32,Defenders,lesão na perna,2023-03-01,87.0,1.0,187,4,14
Santiago Arias,32,Defenders,Lesão na coxa,2021-12-23,502.0,10.0,187,4,127
Luciano Juba,25,Defenders,Problemas musculares,2023-06-24,3569.0,42.0,5,1,5
Ramon,23,Defenders,Lesão nos adutores,2024-08-11,2409.0,31.0,19,1,19
Lucas Cunha,27,Defenders,Lesão dos ligamentos laterais do joelho,2023-04-30,1065.0,13.0,204,1,204
André Ramalho,32,Defenders,Problemas musculares na coxa,2024-11-05,3217.0,43.0,196,3,14
André Ramalho,32,Defenders,Lesão desconhecida,2022-04-28,495.0,6.0,196,3,87
André Ramalho,32,Defenders,Operação ao tornozelo,2021-12-23,2700.0,30.0,196,3,95
Braian Aguirre,24,Defenders,Lesão nos adutores,2024-08-15,2043.0,27.0,82,4,37
Braian Aguirre,24,Defenders,Entorse na tibiotársica,2023-10-11,1866.0,25.0,82,4,11
Braian Aguirre,24,Defenders,Entorse do tornozelo,2023-05-16,1127.0,14.0,82,4,24
Braian Aguirre,24,Defenders,Lesão no joelho,2023-03-09,478.0,6.0,82,4,10
Alex Sandro,33,Defenders,Problemas na panturrilha,2024-12-02,1459.0,26.0,215,14,5
Alex Sandro,33,Defenders,Problemas musculares,2024-10-21,910.0,19.0,215,14,12
Alex Sandro,33,Defenders,Lesão na coxa,2024-10-03,846.0,17.0,215,14,13
Alex Sandro,33,Defenders,Recuperação ritmo competitivo,2024-08-24,502.0,12.0,215,14,21
Alex Sandro,33,Defenders,lesão na perna,2024-05-03,428.0,11.0,215,14,10
Alex Sandro,33,Defenders,Fadiga muscular,2024-03-30,325.0,8.0,215,14,3
Alex Sandro,33,Defenders,Lesão desconhecida,2023-12-28,1892.0,26.0,215,14,11
Alex Sandro,33,Defenders,Lesão no bíceps femoral,2023-09-18,1767.0,22.0,215,14,65
Alex Sandro,33,Defenders,Fadiga muscular,2023-04-12,1074.0,14.0,215,14,5
Alex Sandro,33,Defenders,Lesão no bíceps femoral,2023-03-09,961.0,12.0,215,14,20
Alex Sandro,33,Defenders,Problemas musculares,2022-11-29,2500.0,37.0,215,14,8
Alex Sandro,33,Defenders,Problemas musculares na coxa,2022-09-14,1613.0,24.0,215,14,18
Alex Sandro,33,Defenders,Problemas na panturrilha,2022-03-15,615.0,8.0,215,14,6
Alex Sandro,33,Defenders,Lesão na panturrilha,2022-02-23,600.0,7.0,215,14,15
Alex Sandro,33,Defenders,Coronavírus,2022-01-31,375.0,4.0,215,14,8
Lucas Villalba,30,Defenders,Lesão ligamentar,2023-11-18,4000.0,45.0,30,1,30
Thiago Almada,23,Midfielders,Lesão na panturrilha,2024-05-17,1566.0,20.0,17,2,7
Thiago Almada,23,Midfielders,Problemas na panturrilha,2023-04-10,585.0,7.0,17,2,10
Nicolás de la Cruz,27,Midfielders,Lesão na coxa,2024-10-21,3246.0,45.0,197,15,35
Nicolás de la Cruz,27,Midfielders,Lesão na coxa,2024-08-30,2830.0,38.0,197,15,18
Nicolás de la Cruz,27,Midfielders,Problemas no Joelho,2024-08-01,2516.0,34.0,197,15,9
Nicolás de la Cruz,27,Midfielders,Tendinite,2023-10-23,2565.0,36.0,197,15,10
Nicolás de la Cruz,27,Midfielders,Gestão de esforço,2023-09-23,2205.0,32.0,197,15,4
Nicolás de la Cruz,27,Midfielders,Febre,2023-08-19,1740.0,26.0,197,15,3
Nicolás de la Cruz,27,Midfielders,Distensão muscular,2023-05-19,688.0,11.0,197,15,5
Nicolás de la Cruz,27,Midfielders,Problemas no Joelho,2023-04-01,252.0,5.0,197,15,14
Nicolás de la Cruz,27,Midfielders,Edema no joelho,2023-03-17,198.0,4.0,197,15,12
Nicolás de la Cruz,27,Midfielders,Operado ao joelho,2023-01-01,,,197,15,54
Nicolás de la Cruz,27,Midfielders,Problemas no Joelho,2022-10-22,3101.0,46.0,197,15,11
Nicolás de la Cruz,27,Midfielders,Problemas no Joelho,2022-09-28,2786.0,42.0,197,15,6
Nicolás de la Cruz,27,Midfielders,Choque,2022-06-26,1566.0,23.0,197,15,9
Nicolás de la Cruz,27,Midfielders,Problemas no Joelho,2022-04-24,806.0,11.0,197,15,2
Nicolás de la Cruz,27,Midfielders,Gripe,2022-03-02,176.0,2.0,197,15,5
Giorgian de Arrascaeta,30,Midfielders,Artroscopia,2024-11-11,3588.0,51.0,227,15,26
Giorgian de Arrascaeta,30,Midfielders,Lesão nos adutores,2024-08-19,2615.0,37.0,227,15,24
Giorgian de Arrascaeta,30,Midfielders,Lesão na coxa,2024-04-29,1475.0,19.0,227,15,11
Giorgian de Arrascaeta,30,Midfielders,Lesão na coxa,2023-08-27,2905.0,40.0,227,15,26
Giorgian de Arrascaeta,30,Midfielders,Lesão muscular,2023-05-20,1424.0,19.0,227,15,8
Giorgian de Arrascaeta,30,Midfielders,Problemas musculares,2023-03-20,1099.0,14.0,227,15,44
Giorgian de Arrascaeta,30,Midfielders,Problemas físicos,2022-09-02,3372.0,47.0,227,15,3
Giorgian de Arrascaeta,30,Midfielders,Problemas nas costas,2022-07-08,2522.0,33.0,227,15,4
Giorgian de Arrascaeta,30,Midfielders,Problemas físicos,2022-05-31,1954.0,25.0,227,15,7
Giorgian de Arrascaeta,30,Midfielders,Gestão de esforço,2022-05-23,1886.0,24.0,227,15,3
Giorgian de Arrascaeta,30,Midfielders,Lesão no tornozelo,2022-03-31,808.0,11.0,227,15,7
Giorgian de Arrascaeta,30,Midfielders,Gestão de esforço,2021-12-02,,,227,15,9
Giorgian de Arrascaeta,30,Midfielders,Lesão muscular,2021-10-09,,,227,15,41
Giorgian de Arrascaeta,30,Midfielders,Recuperação ritmo competitivo,2021-09-25,,,227,15,3
Giorgian de Arrascaeta,30,Midfielders,Lesão na coxa,2021-09-13,,,227,15,11
Carlos Alcaraz,22,Midfielders,Lesão no bíceps femoral,2024-03-06,370.0,8.0,53,2,26
Carlos Alcaraz,22,Midfielders,Muskelbündelriss,2022-06-09,1401.0,22.0,53,2,27
Raphael Veiga,29,Midfielders,Lesão na coxa,2023-04-10,1222.0,16.0,159,3,14
Raphael Veiga,29,Midfielders,Artroscopia,2022-08-30,3307.0,47.0,159,3,124
Raphael Veiga,29,Midfielders,Lesão muscular,2022-06-05,2251.0,30.0,159,3,21
Gerson,27,Midfielders,Problemas nos rins,2024-02-18,405.0,6.0,84,4,53
Gerson,27,Midfielders,Problemas musculares na coxa,2023-05-01,1398.0,19.0,84,4,15
Gerson,27,Midfielders,Problemas na tibiotársica,2022-08-21,2371.0,29.0,84,4,9
Gerson,27,Midfielders,Coronavírus,2022-01-06,90.0,1.0,84,4,7
Pablo Maia,22,Midfielders,Lesão no bíceps femoral,2024-04-22,1408.0,18.0,229,1,229
Mauricio,23,Midfielders,Estiramento do ligamento colateral interno do joelho,2024-10-12,2419.0,38.0,66,3,13
Mauricio,23,Midfielders,Traumatismo no joelho,2024-06-07,1563.0,23.0,66,3,39
Mauricio,23,Midfielders,Estiramento do ligamento colateral interno do joelho,2022-10-11,2530.0,50.0,66,3,14
Franco Cristaldo,28,Midfielders,Lesão muscular,2024-07-12,2243.0,34.0,34,2,15
Franco Cristaldo,28,Midfielders,Lesão nos adutores,2023-07-26,2302.0,32.0,34,2,19
Aníbal Moreno,25,Midfielders,Muskelbündelriss,2023-08-31,2317.0,27.0,76,5,27
Aníbal Moreno,25,Midfielders,Problemas musculares,2023-07-08,1985.0,23.0,76,5,23
Aníbal Moreno,25,Midfielders,Problemas musculares,2023-05-05,1086.0,13.0,76,5,6
Aníbal Moreno,25,Midfielders,Rotura muscular na coxa,2023-04-11,951.0,11.0,76,5,16
Aníbal Moreno,25,Midfielders,Problemas no Joelho,2023-02-11,270.0,3.0,76,5,4
Matías Zaracho,26,Midfielders,Problemas musculares,2024-11-24,1816.0,33.0,257,7,13
Matías Zaracho,26,Midfielders,Púbis inflamado,2024-08-21,1573.0,28.0,257,7,73
Matías Zaracho,26,Midfielders,Lesão no púbis,2024-06-26,1401.0,21.0,257,7,34
Matías Zaracho,26,Midfielders,Lesão na coxa,2024-02-07,85.0,2.0,257,7,51
Matías Zaracho,26,Midfielders,Rotura de ligamentos do tornozelo,2023-01-07,,,257,7,58
Matías Zaracho,26,Midfielders,Queixas adutores,2021-08-01,,,257,7,9
Matías Zaracho,26,Midfielders,Contusão no tornozelo,2021-04-29,,,257,7,19
Rodrigo Garro,26,Midfielders,Lesão desconhecida,2022-10-11,2014.0,33.0,10,2,4
Rodrigo Garro,26,Midfielders,Lesão desconhecida,2022-02-20,174.0,2.0,10,2,6
Martinelli,23,Midfielders,Lesão no tornozelo,2024-08-14,3118.0,39.0,59,3,5
Martinelli,23,Midfielders,Lesão na coxa,2023-04-03,1035.0,12.0,59,3,47
Martinelli,23,Midfielders,Traumatismo na anca,2021-09-12,,,59,3,7
Rodrigo Nestor,24,Midfielders,Entorse do tornozelo,2024-09-02,1102.0,29.0,173,2,19
Rodrigo Nestor,24,Midfielders,Lesão no joelho,2023-11-06,3514.0,54.0,173,2,154
Matheus Pereira,28,Midfielders,Lesão no joelho,2023-08-08,819.0,12.0,67,1,67
Matheus Henrique,26,Midfielders,Fratura,2024-11-27,3107.0,42.0,130,6,10
Matheus Henrique,26,Midfielders,Problema nos flexores do quadril,2024-10-08,2602.0,35.0,130,6,14
Matheus Henrique,26,Midfielders,Gestão de esforço,2024-01-03,,,130,6,2
Matheus Henrique,26,Midfielders,Lesão no bíceps femoral,2023-10-02,2128.0,28.0,130,6,53
Matheus Henrique,26,Midfielders,Problemas musculares,2022-04-10,433.0,9.0,130,6,5
Matheus Henrique,26,Midfielders,Problemas musculares,2021-12-20,301.0,11.0,130,6,46
Gustavo Scarpa,30,Midfielders,Problemas no Joelho,2024-11-17,4462.0,61.0,78,3,8
Gustavo Scarpa,30,Midfielders,Lesão desconhecida,2023-11-24,909.0,21.0,78,3,38
Gustavo Scarpa,30,Midfielders,Lesão no joelho,2023-04-06,487.0,10.0,78,3,32
Gabriel Menino,24,Midfielders,Lesão na coxa,2024-08-22,1456.0,39.0,36,1,36
Philippe Coutinho,32,Midfielders,Lesão na coxa,2024-08-04,1074.0,17.0,237,8,41
Philippe Coutinho,32,Midfielders,Recuperação ritmo competitivo,2024-07-09,911.0,13.0,237,8,11
Philippe Coutinho,32,Midfielders,Lesão desconhecida,2023-11-08,876.0,17.0,237,8,33
Philippe Coutinho,32,Midfielders,Lesão na coxa,2023-08-20,277.0,9.0,237,8,36
Philippe Coutinho,32,Midfielders,Lesão desconhecida,2023-08-20,277.0,9.0,237,8,35
Philippe Coutinho,32,Midfielders,Lesão na coxa,2022-11-05,1990.0,33.0,237,8,50
Philippe Coutinho,32,Midfielders,Coronavírus,2021-12-30,610.0,16.0,237,8,14
Philippe Coutinho,32,Midfielders,Recuperação ritmo competitivo,2021-08-08,,,237,8,17
Christian,23,Midfielders,Lesão na coxa,2024-10-16,3210.0,48.0,71,2,30
Christian,23,Midfielders,Lesão na coxa,2023-07-25,1743.0,34.0,71,2,41
Jean Lucas,26,Midfielders,Coronavírus,2021-12-30,1151.0,21.0,7,1,7
Caio Alexandre,25,Midfielders,Operação ao pé,2021-08-24,,,568,4,276
Caio Alexandre,25,Midfielders,Lesão no pé,2021-08-15,,,568,4,8
Jefferson Savarino,28,Midfielders,Problemas na anca,2023-07-10,1685.0,21.0,8,2,4
Jefferson Savarino,28,Midfielders,Lesão no pé,2023-06-19,1469.0,18.0,8,2,4
Walace,29,Midfielders,Amigdalite,2024-09-16,2158.0,28.0,23,2,9
Walace,29,Midfielders,Recuperação ritmo competitivo,2024-07-09,1707.0,19.0,23,2,14
Allan,27,Midfielders,Lesão na coxa,2024-06-03,1036.0,19.0,17,1,17
Bruno Zapelli,22,Midfielders,Lesão no tornozelo,2024-09-20,2691.0,49.0,5,1,5
Thiago Maia,27,Midfielders,Problemas musculares,2024-11-09,2264.0,32.0,65,3,21
Thiago Maia,27,Midfielders,Lesão na coxa,2024-07-01,1178.0,16.0,65,3,40
Thiago Maia,27,Midfielders,Lesão no tornozelo,2024-06-18,927.0,13.0,65,3,4
Cauly,29,Midfielders,Lesão desconhecida,2022-08-02,1415.0,21.0,107,2,22
Cauly,29,Midfielders,Fratura do perónio,2021-08-25,822.0,12.0,107,2,85
Álvaro Barreal,24,Midfielders,Contusão no tornozelo,2024-08-26,1482.0,28.0,19,3,5
Álvaro Barreal,24,Midfielders,Vírus,2024-06-27,702.0,16.0,19,3,5
Álvaro Barreal,24,Midfielders,Entorse no joelho,2024-06-13,620.0,14.0,19,3,9
Erick Pulgar,30,Midfielders,Lesão muscular,2024-11-11,3604.0,49.0,224,11,8
Erick Pulgar,30,Midfielders,Problemas gástricos,2024-07-21,1893.0,27.0,224,11,6
Erick Pulgar,30,Midfielders,Lesão no tornozelo,2024-04-29,1284.0,17.0,224,11,33
Erick Pulgar,30,Midfielders,Lesão no bíceps femoral,2023-07-12,1757.0,28.0,224,11,35
Erick Pulgar,30,Midfielders,Fratura do Metatarso,2023-02-25,299.0,8.0,224,11,68
Erick Pulgar,30,Midfielders,Contusão no tornozelo,2022-09-19,742.0,16.0,224,11,3
Erick Pulgar,30,Midfielders,Coronavírus,2022-03-23,148.0,5.0,224,11,5
Erick Pulgar,30,Midfielders,Traumatismo,2021-12-15,419.0,6.0,224,11,6
Erick Pulgar,30,Midfielders,Distorção do tornozelo,2021-10-22,419.0,6.0,224,11,44
Erick Pulgar,30,Midfielders,Fadiga muscular,2021-09-18,268.0,3.0,224,11,8
Erick Pulgar,30,Midfielders,Problemas musculares na coxa,2021-06-22,,,224,11,8
Tomás Pochettino,28,Midfielders,Problemas musculares,2024-07-25,2595.0,40.0,24,3,15
Tomás Pochettino,28,Midfielders,Gripe,2022-08-29,638.0,19.0,24,3,4
Tomás Pochettino,28,Midfielders,Coronavírus,2022-05-18,486.0,13.0,24,3,5
Otávio,30,Midfielders,Lesão no ombro,2024-09-13,2450.0,34.0,246,3,18
Otávio,30,Midfielders,Lesão na coxa,2024-05-16,1258.0,18.0,246,3,47
Otávio,30,Midfielders,Achillessehnenanriss,2021-01-20,,,246,3,181
Fausto Vera,24,Midfielders,Lesão na coxa,2024-05-07,742.0,19.0,6,1,6
Juan Sforza,22,Midfielders,Problemas musculares na coxa,2023-07-06,2061.0,24.0,19,3,3
Juan Sforza,22,Midfielders,Entorse do tornozelo,2023-03-29,746.0,9.0,19,3,10
Juan Sforza,22,Midfielders,Problemas na tibiotársica,2022-09-16,2096.0,30.0,19,3,6
Zé Rafael,31,Midfielders,Lesão na coxa,2024-07-03,1809.0,26.0,39,2,13
Zé Rafael,31,Midfielders,Problemas na zona lombar,2024-04-08,1042.0,14.0,39,2,26
Nicolás Acevedo,25,Midfielders,Lesão do ligamento cruzado,2023-12-06,3737.0,53.0,369,2,316
Nicolás Acevedo,25,Midfielders,Lesão da parede abdominal,2021-10-11,,,369,2,53
Igor Coronado,32,Midfielders,Lesão nos adutores,2024-04-20,125.0,4.0,17,1,17
Maycon,27,Midfielders,Lesão do ligamento cruzado,2024-04-18,957.0,13.0,372,4,233
Maycon,27,Midfielders,Lesão na coxa,2024-03-02,846.0,10.0,372,4,43
Maycon,27,Midfielders,Fratura de um dedo do pé,2022-08-04,1222.0,20.0,372,4,63
Maycon,27,Midfielders,Lesão na coxa,2022-06-15,965.0,15.0,372,4,33
Igor Gomes,25,Midfielders,Entorse do tornozelo,2023-09-03,1680.0,39.0,17,1,17
Marcos Antônio,24,Midfielders,Recuperação ritmo competitivo,2023-11-02,358.0,11.0,130,4,28
Marcos Antônio,24,Midfielders,Lesão muscular,2023-08-02,358.0,11.0,130,4,92
Marcos Antônio,24,Midfielders,Lesão no tornozelo,2023-05-17,358.0,11.0,130,4,8
Marcos Antônio,24,Midfielders,Gripe gastrointestinal,2023-02-21,75.0,6.0,130,4,2
Santiago Longo,26,Midfielders,Distensão muscular,2024-07-30,2096.0,27.0,7,1,7
Erick,27,Midfielders,Problemas musculares,2024-11-17,4733.0,61.0,13,1,13
David Terans,30,Midfielders,Lesão na panturrilha,2024-07-03,649.0,17.0,67,3,40
David Terans,30,Midfielders,Problemas musculares,2022-05-11,997.0,15.0,67,3,6
David Terans,30,Midfielders,Lesão muscular,2021-02-04,,,67,3,21
Alan Patrick,33,Midfielders,Lesão muscular,2024-12-02,3515.0,45.0,129,4,5
Alan Patrick,33,Midfielders,Estiramento do ligamento colateral interno do joelho,2024-07-24,2222.0,29.0,129,4,31
Alan Patrick,33,Midfielders,Lesão na coxa,2024-06-14,1425.0,20.0,129,4,8
Alan Patrick,33,Midfielders,Lesão na coxa,2024-04-11,1117.0,15.0,129,4,47
Alan Patrick,33,Midfielders,Lesão desconhecida,2021-11-18,1401.0,20.0,129,4,43
Lucas Evangelista,29,Midfielders,Lesão na coxa,2024-02-24,715.0,9.0,66,1,66
Jadsom,23,Midfielders,Lesão no joelho,2024-07-05,2218.0,35.0,25,1,25
Eric Ramires,24,Midfielders,Lesão na coxa,2024-10-27,2086.0,39.0,243,4,41
Eric Ramires,24,Midfielders,Lesão na panturrilha,2024-08-11,2016.0,36.0,243,4,48
Eric Ramires,24,Midfielders,Lesão na coxa,2024-01-19,,,243,4,31
Eric Ramires,24,Midfielders,Lesão na coxa,2022-10-23,2707.0,44.0,243,4,123
Raniele,27,Midfielders,Lesão nos adutores,2024-09-15,3723.0,47.0,92,3,13
Raniele,27,Midfielders,Lesão na panturrilha,2024-08-14,3437.0,42.0,92,3,10
Raniele,27,Midfielders,Problemas musculares,2022-11-06,3246.0,41.0,92,3,69
Alan Franco,26,Midfielders,Entorse no joelho,2023-08-28,1479.0,28.0,23,1,23
Praxedes,22,Midfielders,Lesão na coxa,2024-06-09,385.0,10.0,128,2,24
Praxedes,22,Midfielders,Lesão desconhecida,2022-10-03,1372.0,31.0,128,2,104
Lincoln,26,Midfielders,Lesão na coxa,2024-03-22,652.0,11.0,361,4,36
Lincoln,26,Midfielders,Recuperação ritmo competitivo,2023-11-27,687.0,10.0,361,4,42
Lincoln,26,Midfielders,Rotura dos ligamentos cruzados,2023-03-09,605.0,9.0,361,4,263
Lincoln,26,Midfielders,Problemas na panturrilha,2022-11-05,2764.0,39.0,361,4,20
Lucas Romero,30,Midfielders,Muskelbündelriss,2022-09-27,3302.0,39.0,38,2,16
Lucas Romero,30,Midfielders,Muskelbündelriss,2021-08-09,,,38,2,22
Pepê,26,Midfielders,Lesão na coxa,2024-04-09,1093.0,15.0,68,2,13
Pepê,26,Midfielders,Problemas musculares,2022-11-07,3166.0,43.0,68,2,55
Du Queiroz,24,Midfielders,Fratura de um dedo do pé,2024-08-18,1085.0,28.0,40,1,40
Gregore,30,Midfielders,Fratura no pé,2023-03-13,253.0,3.0,214,1,214
Rodriguinho,20,Midfielders,Entorse do tornozelo,2024-02-14,,,25,2,11
Rodriguinho,20,Midfielders,Problemas nas costas,2022-11-03,507.0,12.0,25,2,14
Mateus Vital,26,Midfielders,Lesão no ombro,2024-04-28,524.0,12.0,156,5,55
Mateus Vital,26,Midfielders,Lesão desconhecida,2024-01-23,,,156,5,25
Mateus Vital,26,Midfielders,Lesão nos adutores,2023-05-12,814.0,12.0,156,5,12
Mateus Vital,26,Midfielders,Entorse do tornozelo,2023-01-21,,,156,5,24
Mateus Vital,26,Midfielders,Artroscopia,2021-03-22,,,156,5,40
Jair,30,Midfielders,Lesão do ligamento cruzado,2024-02-05,42.0,3.0,261,1,261
Lima,28,Midfielders,Lesão na coxa,2024-06-28,1735.0,25.0,25,1,25
Hércules,24,Midfielders,Rotura dos ligamentos cruzados,2023-07-10,2171.0,41.0,262,1,262
Danilo Barbosa,28,Midfielders,Lesão na coxa,2023-05-01,775.0,15.0,47,1,47
Damián Bobadilla,23,Midfielders,Fratura na grelha costal,2023-11-28,2806.0,48.0,41,1,41
Gabriel Pires,31,Midfielders,Lesão no joelho,2024-03-17,123.0,2.0,215,4,65
Gabriel Pires,31,Midfielders,Lesão na panturrilha,2023-05-21,1117.0,19.0,215,4,132
Gabriel Pires,31,Midfielders,Lesão na coxa,2021-04-04,,,215,4,8
Gabriel Pires,31,Midfielders,Coronavírus,2021-01-01,,,215,4,10
Estêvão,17,Forwards,Lesão na coxa,2024-09-16,2461.0,43.0,45,2,18
Estêvão,17,Forwards,Entorse do tornozelo,2024-07-17,1866.0,33.0,45,2,27
Pedro,27,Forwards,Rotura dos ligamentos cruzados,2024-09-04,3365.0,43.0,116,3,94
Pedro,27,Forwards,Lesão na coxa,2024-08-16,3297.0,42.0,116,3,15
Pedro,27,Forwards,Lesão na coxa,2023-05-12,1731.0,23.0,116,3,7
Paulinho,24,Forwards,Fissura,2024-12-01,4885.0,59.0,38,4,6
Paulinho,24,Forwards,Lesão muscular,2024-10-13,4161.0,49.0,38,4,5
Paulinho,24,Forwards,Constipação,2022-11-03,966.0,21.0,38,4,10
Paulinho,24,Forwards,Coronavírus,2022-01-10,77.0,1.0,38,4,17
Luiz Henrique,23,Forwards,Lesão na panturrilha,2024-02-16,423.0,6.0,63,2,43
Luiz Henrique,23,Forwards,Lesão desconhecida,2023-09-26,1484.0,28.0,63,2,20
Yuri Alberto,23,Forwards,Lesão na coxa,2024-11-21,4027.0,54.0,44,3,8
Yuri Alberto,23,Forwards,Pedra nos rins OP,2024-08-01,2724.0,37.0,44,3,23
Yuri Alberto,23,Forwards,Tendinite,2024-04-27,1278.0,18.0,44,3,13
Memphis Depay,30,Forwards,Recuperação ritmo competitivo,2024-09-13,1632.0,30.0,409,12,7
Memphis Depay,30,Forwards,Lesão muscular,2024-07-10,1597.0,29.0,409,12,22
Memphis Depay,30,Forwards,Lesão muscular,2024-04-09,976.0,19.0,409,12,32
Memphis Depay,30,Forwards,Lesão muscular,2024-04-08,976.0,19.0,409,12,28
Memphis Depay,30,Forwards,Lesão muscular,2023-09-26,681.0,16.0,409,12,59
Memphis Depay,30,Forwards,Lesão muscular,2023-09-15,673.0,15.0,409,12,5
Memphis Depay,30,Forwards,Lesão na panturrilha,2023-05-02,542.0,12.0,409,12,89
Memphis Depay,30,Forwards,Lesão muscular,2023-04-01,531.0,11.0,409,12,24
Memphis Depay,30,Forwards,Problemas musculares na coxa,2022-09-22,1115.0,25.0,409,12,59
Memphis Depay,30,Forwards,Rotura muscular na coxa,2022-04-04,376.0,11.0,409,12,10
Memphis Depay,30,Forwards,Problemas no tendão de Aquiles,2022-01-17,71.0,2.0,409,12,42
Memphis Depay,30,Forwards,Lesão na coxa,2021-12-09,1875.0,21.0,409,12,32
Everton,28,Forwards,Rotura do tendão de Aquiles,2024-08-12,1904.0,30.0,204,8,117
Everton,28,Forwards,Problemas musculares na coxa,2024-08-01,1890.0,28.0,204,8,5
Everton,28,Forwards,Problema nos flexores do quadril,2024-06-21,1620.0,24.0,204,8,28
Everton,28,Forwards,Lesão na coxa,2024-06-13,1550.0,22.0,204,8,7
Everton,28,Forwards,Lesão na panturrilha,2024-04-20,1071.0,16.0,204,8,20
Everton,28,Forwards,Lesão muscular,2022-05-06,1367.0,20.0,204,8,11
Everton,28,Forwards,Coronavírus,2022-01-14,73.0,1.0,204,8,6
Everton,28,Forwards,Coronavírus,2021-01-24,,,204,8,10
Rony,29,Forwards,Braço fraturado,2023-04-10,1347.0,16.0,15,1,15
Nathan Fernandes,19,Forwards,Pancada na coxa,2024-09-14,960.0,34.0,30,2,13
Nathan Fernandes,19,Forwards,Entorse do tornozelo,2024-02-07,230.0,5.0,30,2,17
Wanderson,30,Forwards,Problemas musculares,2024-08-12,2052.0,32.0,393,6,34
Wanderson,30,Forwards,Fadiga muscular,2024-07-14,2017.0,31.0,393,6,27
Wanderson,30,Forwards,Entorse do tornozelo,2024-04-22,1353.0,20.0,393,6,47
Wanderson,30,Forwards,Problemas musculares na coxa,2022-09-11,1683.0,24.0,393,6,26
Wanderson,30,Forwards,Problemas musculares na coxa,2022-06-20,1034.0,14.0,393,6,27
Wanderson,30,Forwards,Lesão tornozelo,2021-05-16,,,393,6,232
Rafael Borré,29,Forwards,Lesão na coxa,2024-09-26,2000.0,33.0,48,4,22
Rafael Borré,29,Forwards,Lesão na coxa,2024-08-09,1535.0,27.0,48,4,15
Rafael Borré,29,Forwards,Coronavírus,2021-05-15,,,48,4,8
Rafael Borré,29,Forwards,Choque,2021-05-05,,,48,4,3
Vitinho,25,Forwards,Constipação,2022-01-23,,,2,1,2
Thiago Borbas,22,Forwards,Lesão na coxa,2024-09-16,2753.0,52.0,82,1,82
Gabriel Veron,22,Forwards,Lesão na coxa,2024-07-23,1020.0,21.0,427,7,44
Gabriel Veron,22,Forwards,Operação ao pé,2024-01-23,,,427,7,77
Gabriel Veron,22,Forwards,Ruptura muscular na coxa,2023-10-11,392.0,12.0,427,7,81
Gabriel Veron,22,Forwards,Lesão nos adutores,2023-07-26,347.0,11.0,427,7,70
Gabriel Veron,22,Forwards,Lesão tornozelo,2023-01-30,167.0,3.0,427,7,33
Gabriel Veron,22,Forwards,Lesão desconhecida,2022-10-28,1838.0,49.0,427,7,37
Gabriel Veron,22,Forwards,Lesão na coxa,2021-04-16,,,427,7,85
Gabriel Barbosa,28,Forwards,Problemas musculares na coxa,2024-09-16,748.0,26.0,36,2,9
Gabriel Barbosa,28,Forwards,Lesão na coxa,2024-08-16,722.0,24.0,36,2,27
Michael,28,Forwards,Lesão na coxa,2024-08-29,1839.0,23.0,33,1,33
Marquinhos,21,Forwards,Lesão na coxa,2024-07-29,1888.0,30.0,35,2,21
Marquinhos,21,Forwards,Lesão na coxa,2024-06-22,1579.0,25.0,35,2,14
Yeferson Soteldo,27,Forwards,Problemas musculares,2024-09-27,10744.0,152.0,370,8,4
Yeferson Soteldo,27,Forwards,Problemas musculares na coxa,2024-02-01,1192.0,16.0,370,8,60
Yeferson Soteldo,27,Forwards,Lesão muscular,2023-04-30,2608.0,32.0,370,8,22
Yeferson Soteldo,27,Forwards,Lesão na coxa,2022-10-08,5936.0,120.0,370,8,99
Matías Arezo,22,Forwards,Problemas musculares,2023-07-01,1981.0,25.0,23,4,9
Matías Arezo,22,Forwards,Muskelkater,2023-06-30,1981.0,25.0,23,4,3
Matías Arezo,22,Forwards,Lesão muscular,2023-03-14,555.0,7.0,23,4,8
Matías Arezo,22,Forwards,Lesão desconhecida,2021-02-02,,,23,4,3
Matheus Nascimento,20,Forwards,Lesão na coxa,2024-04-20,288.0,9.0,231,1,231
Talles Magno,22,Forwards,Lesão na coxa,2024-09-22,558.0,13.0,150,5,24
Talles Magno,22,Forwards,Lesão desconhecida,2024-08-19,294.0,7.0,150,5,3
Talles Magno,22,Forwards,Lesão no joelho,2024-02-29,6.0,1.0,150,5,62
Talles Magno,22,Forwards,lesão na perna,2023-05-29,1168.0,15.0,150,5,4
Talles Magno,22,Forwards,Problemas no Joelho,2021-03-28,,,150,5,57
Gonzalo Plata,24,Forwards,Rotura no tendão do adutor,2023-03-18,876.0,12.0,94,6,12
Gonzalo Plata,24,Forwards,Problemas na anca,2022-10-06,1800.0,28.0,94,6,12
Gonzalo Plata,24,Forwards,Problemas na tibiotársica,2022-08-15,1447.0,23.0,94,6,17
Gonzalo Plata,24,Forwards,Entorse do tornozelo,2022-06-13,1391.0,22.0,94,6,42
Gonzalo Plata,24,Forwards,Coronavírus,2022-02-17,357.0,6.0,94,6,7
Gonzalo Plata,24,Forwards,Gripe,2021-11-01,390.0,7.0,94,6,4
Wesley,25,Forwards,Pubalgia,2024-06-27,1272.0,21.0,58,2,9
Wesley,25,Forwards,Lesão no ombro,2023-12-29,2637.0,42.0,58,2,49
Ferreirinha,26,Forwards,Lesão na coxa,2024-08-18,1947.0,41.0,329,4,58
Ferreirinha,26,Forwards,Lesão na coxa,2023-03-26,518.0,10.0,329,4,96
Ferreirinha,26,Forwards,Lesão muscular,2022-08-23,1016.0,15.0,329,4,132
Ferreirinha,26,Forwards,Lesão no joelho,2021-07-11,,,329,4,43
Alexander Aravena,22,Forwards,Problemas musculares,2023-04-21,1024.0,13.0,26,2,14
Alexander Aravena,22,Forwards,Muskelquetschung,2021-01-07,,,26,2,12
Isidro Pitta,25,Forwards,Lesão no tornozelo,2022-11-03,3148.0,43.0,79,1,79
Agustín Canobbio,26,Forwards,Edema do osso,2024-10-19,3369.0,47.0,101,4,42
Agustín Canobbio,26,Forwards,Lesão no tornozelo,2024-05-05,1585.0,20.0,101,4,9
Agustín Canobbio,26,Forwards,Problemas físicos,2022-06-10,1318.0,17.0,101,4,17
Agustín Canobbio,26,Forwards,Fratura na face,2022-03-06,420.0,5.0,101,4,33
Lucas Moura,32,Forwards,Lesão no tornozelo,2024-04-05,541.0,8.0,122,5,41
Lucas Moura,32,Forwards,Lesão na coxa,2024-01-31,126.0,2.0,122,5,25
Lucas Moura,32,Forwards,Lesão na panturrilha,2022-08-29,920.0,24.0,122,5,42
Lucas Moura,32,Forwards,Pancada na coxa,2022-02-24,655.0,11.0,122,5,7
Lucas Moura,32,Forwards,Lesão no tornozelo,2021-09-16,353.0,5.0,122,5,7
Jeffinho,24,Forwards,Lesão na coxa,2024-05-21,962.0,18.0,224,2,171
Jeffinho,24,Forwards,Lesão muscular,2024-02-06,342.0,6.0,224,2,53
Alisson,19,Forwards,Lesão na coxa,2024-08-25,1003.0,25.0,101,2,51
Alisson,19,Forwards,Entorse do tornozelo,2024-06-23,889.0,21.0,101,2,50
Adson,24,Forwards,Fratura da tíbia,2024-08-27,1952.0,34.0,188,2,102
Adson,24,Forwards,Problemas musculares na coxa,2022-10-21,2459.0,49.0,188,2,86
Cristian Pavón,28,Forwards,Lesão na coxa,2024-08-24,1900.0,33.0,205,6,45
Cristian Pavón,28,Forwards,Lesão na coxa,2024-04-19,733.0,15.0,205,6,49
Cristian Pavón,28,Forwards,Lesão na coxa,2023-01-19,,,205,6,11
Cristian Pavón,28,Forwards,Quarentena,2021-07-22,,,205,6,7
Cristian Pavón,28,Forwards,Recuperação ritmo competitivo,2021-04-01,,,205,6,22
Cristian Pavón,28,Forwards,Lesão no tornozelo,2021-01-19,,,205,6,71
Kaio Jorge,22,Forwards,Lesão na coxa,2024-11-27,2142.0,35.0,613,9,10
Kaio Jorge,22,Forwards,Lesão desconhecida,2024-05-24,510.0,12.0,613,9,5
Kaio Jorge,22,Forwards,Lesão desconhecida,2024-03-30,491.0,11.0,613,9,8
Kaio Jorge,22,Forwards,Lesão desconhecida,2023-09-26,,,613,9,26
Kaio Jorge,22,Forwards,Recuperação ritmo competitivo,2023-02-15,,,613,9,119
Kaio Jorge,22,Forwards,Rotura do tendão rotuliano,2022-02-24,39.0,3.0,613,9,355
Kaio Jorge,22,Forwards,Síndrome gripal,2022-01-06,,,613,9,0
Kaio Jorge,22,Forwards,Problemas musculares,2021-08-23,,,613,9,38
Kaio Jorge,22,Forwards,Problemas musculares,2021-02-15,,,613,9,52
Luiz Araújo,28,Forwards,Lesão no joelho,2024-09-15,2948.0,49.0,123,2,79
Luiz Araújo,28,Forwards,Lesão muscular,2022-02-28,26.0,1.0,123,2,44
Dudu,32,Forwards,Lesão na panturrilha,2024-08-08,294.0,10.0,313,2,23
Dudu,32,Forwards,Rotura dos ligamentos cruzados,2023-08-28,3179.0,42.0,313,2,290
Biel,23,Forwards,Problemas na zona lombar,2024-10-26,1705.0,43.0,171,4,24
Biel,23,Forwards,Problemas nas costas,2024-08-12,1645.0,42.0,171,4,66
Biel,23,Forwards,Lesão no tornozelo,2024-07-14,1348.0,37.0,171,4,6
Biel,23,Forwards,Lesão na coxa,2022-10-17,2623.0,36.0,171,4,75
Giovane,21,Forwards,Lesão na coxa,2023-09-06,1404.0,27.0,40,1,40
Júnior Santos,30,Forwards,Recuperação ritmo competitivo,2024-09-29,3013.0,42.0,102,2,36
Júnior Santos,30,Forwards,Fratura da tíbia,2024-07-23,3001.0,41.0,102,2,66
Juan Dinenno,30,Forwards,Lesão do ligamento cruzado,2024-08-28,1401.0,21.0,316,3,216
Juan Dinenno,30,Forwards,Lesão no púbis,2024-05-27,1099.0,14.0,316,3,57
Juan Dinenno,30,Forwards,Fratura do nariz,2024-04-13,1099.0,14.0,316,3,43
Jonathan Calleri,31,Forwards,Problemas musculares,2024-11-10,3991.0,50.0,191,6,27
Jonathan Calleri,31,Forwards,Lesão na coxa,2024-07-18,2446.0,30.0,191,6,5
Jonathan Calleri,31,Forwards,Lesão na panturrilha,2024-05-09,1594.0,19.0,191,6,19
Jonathan Calleri,31,Forwards,Lesão no tornozelo,2023-10-01,3241.0,44.0,191,6,91
Jonathan Calleri,31,Forwards,Problemas nas costas,2023-06-28,1989.0,26.0,191,6,8
Jonathan Calleri,31,Forwards,Lesão no tornozelo,2023-02-25,630.0,7.0,191,6,41
Bruno Rodrigues,27,Forwards,Lesão no joelho,2024-01-26,105.0,2.0,316,1,316
André Silva,27,Forwards,Lesão desconhecida,2023-12-10,2973.0,36.0,81,2,7
André Silva,27,Forwards,Lesão muscular,2022-08-20,1748.0,23.0,81,2,74
Lázaro,22,Forwards,Lesão na coxa,2024-06-18,1079.0,25.0,35,1,35
Martin Braithwaite,33,Forwards,Lesão muscular,2023-08-26,2104.0,28.0,184,6,8
Martin Braithwaite,33,Forwards,Pancada na coxa,2023-05-18,1685.0,21.0,184,6,5
Martin Braithwaite,33,Forwards,Coronavírus,2022-04-29,22.0,2.0,184,6,7
Martin Braithwaite,33,Forwards,Lesão no joelho,2021-08-30,226.0,3.0,184,6,143
Martin Braithwaite,33,Forwards,Lesão no tornozelo,2021-04-20,,,184,6,14
Martin Braithwaite,33,Forwards,Lesão na coxa,2021-02-09,,,184,6,7
Imanol Machuca,24,Forwards,Lesão na coxa,2024-07-25,1506.0,38.0,15,1,15
Pedro Raul,28,Forwards,Lesão na coxa,2024-02-12,234.0,4.0,18,1,18
Alerrandro,24,Forwards,Lesão muscular,2022-09-19,1385.0,32.0,45,1,45
Tomás Cuello,24,Forwards,Lesão no joelho,2024-06-23,1524.0,27.0,17,1,17
Ademir,29,Forwards,Lesão na coxa,2024-07-22,1229.0,39.0,37,1,37
Bruno Tabata,27,Forwards,Vírus,2024-09-30,1656.0,21.0,133,6,18
Bruno Tabata,27,Forwards,Lesão na coxa,2024-09-12,1629.0,20.0,133,6,16
Bruno Tabata,27,Forwards,Lesão na coxa,2023-03-20,319.0,9.0,133,6,50
Bruno Tabata,27,Forwards,Lesão no joelho,2021-04-23,,,133,6,38
Bruno Tabata,27,Forwards,Lesão desconhecida,2021-04-10,,,133,6,4
Bruno Tabata,27,Forwards,Coronavírus,2021-01-18,,,133,6,7
Tiquinho Soares,33,Forwards,Problemas no Joelho,2024-07-31,2094.0,32.0,123,4,13
Tiquinho Soares,33,Forwards,Lesão na coxa,2024-04-26,1340.0,19.0,123,4,35
Tiquinho Soares,33,Forwards,Problemas no Joelho,2023-08-07,2955.0,38.0,123,4,21
Tiquinho Soares,33,Forwards,lesão no braço,2021-07-02,,,123,4,54
Rafael Ratão,29,Forwards,Lesão muscular,2023-10-29,1961.0,35.0,42,4,2
Rafael Ratão,29,Forwards,Gripe,2022-10-27,1824.0,28.0,42,4,5
Rafael Ratão,29,Forwards,Lesão muscular,2022-09-05,1639.0,25.0,42,4,29
Rafael Ratão,29,Forwards,Pequena lesão,2021-03-02,,,42,4,6
Breno Lopes,28,Forwards,Ligamento Esticado,2021-04-16,,,52,1,52
Enner Valencia,35,Forwards,Problema nos flexores do quadril,2024-07-14,1502.0,22.0,190,12,8
Enner Valencia,35,Forwards,Lesão no pé,2024-04-01,828.0,12.0,190,12,57
Enner Valencia,35,Forwards,Traumatismo no pé,2024-02-26,603.0,8.0,190,12,11
Enner Valencia,35,Forwards,Lesão na cabeça,2023-04-29,1425.0,17.0,190,12,7
Enner Valencia,35,Forwards,Lesão meniscal,2023-03-19,807.0,10.0,190,12,10
Enner Valencia,35,Forwards,Problemas no Joelho,2022-12-26,2532.0,46.0,190,12,9
Enner Valencia,35,Forwards,Lesão no joelho,2022-11-29,2400.0,43.0,190,12,17
Enner Valencia,35,Forwards,Lesão no pé,2022-02-28,560.0,8.0,190,12,14
Enner Valencia,35,Forwards,Doente,2022-01-14,90.0,1.0,190,12,2
Enner Valencia,35,Forwards,Recuperação ritmo competitivo,2021-12-06,822.0,14.0,190,12,9
Enner Valencia,35,Forwards,Lesão tornozelo,2021-10-30,744.0,13.0,190,12,37
Enner Valencia,35,Forwards,Lesão desconhecida,2021-08-12,,,190,12,9
Bernard,32,Forwards,Problemas no Joelho,2024-12-01,3347.0,51.0,61,3,6
Bernard,32,Forwards,Estiramento do ligamento colateral interno do joelho,2024-09-26,2956.0,43.0,61,3,40
Bernard,32,Forwards,Lesão desconhecida,2024-04-21,1572.0,21.0,61,3,15
Luciano,31,Forwards,Lesão na coxa,2023-07-05,2416.0,35.0,76,3,5
Luciano,31,Forwards,Doente,2021-11-20,,,76,3,15
Luciano,31,Forwards,Lesão muscular,2021-06-21,,,76,3,56
Héctor Hernández,29,Forwards,Lesão dos ligamentos laterais do joelho,2024-10-23,1492.0,22.0,149,3,45
Héctor Hernández,29,Forwards,Lesão desconhecida,2023-03-01,59.0,2.0,149,3,42
Héctor Hernández,29,Forwards,Lesão desconhecida,2022-12-14,2671.0,37.0,149,3,62
Lucas Barbosa,23,Forwards,Entorse do tornozelo,2024-10-21,3720.0,49.0,11,1,11
Gonzalo Mastriani,31,Forwards,Artroscopia,2024-10-30,2528.0,49.0,58,2,38
Gonzalo Mastriani,31,Forwards,Lesão na panturrilha,2024-06-27,1505.0,29.0,58,2,20
David,29,Forwards,Rotura dos ligamentos cruzados,2024-09-30,2476.0,40.0,141,4,68
David,29,Forwards,ferimento facial,2024-08-19,2172.0,35.0,141,4,12
David,29,Forwards,Lesão no joelho,2023-04-15,692.0,10.0,141,4,40
David,29,Forwards,Ligamento Esticado,2023-02-11,434.0,6.0,141,4,21
Emerson Rodríguez,24,Forwards,Fratura do Metatarso,2021-07-21,,,42,1,42
